test1@example.com,123qwe111
test2@example.com,123qwe111
test3@example.com,123qwe111
test4@example.com,123qwe111
test5@example.com,123qwe111
test6@example.com,123qwe111
test7@example.com,123qwe111
test8@example.com,123qwe111
test9@example.com,123qwe111
test10@example.com,123qwe111
test11@example.com,123qwe111
test12@example.com,123qwe111
test13@example.com,123qwe111
test14@example.com,123qwe111
test15@example.com,123qwe111
test16@example.com,123qwe111
test17@example.com,123qwe111
test18@example.com,123qwe111
test19@example.com,123qwe111
test20@example.com,123qwe111
test21@example.com,123qwe111
test22@example.com,123qwe111
test23@example.com,123qwe111
test24@example.com,123qwe111
test25@example.com,123qwe111
test26@example.com,123qwe111
test27@example.com,123qwe111
test28@example.com,123qwe111
test29@example.com,123qwe111
test30@example.com,123qwe111
test31@example.com,123qwe111
test32@example.com,123qwe111
test33@example.com,123qwe111
test34@example.com,123qwe111
test35@example.com,123qwe111
test36@example.com,123qwe111
test37@example.com,123qwe111
test38@example.com,123qwe111
test39@example.com,123qwe111
test40@example.com,123qwe111
test41@example.com,123qwe111
test42@example.com,123qwe111
test43@example.com,123qwe111
test44@example.com,123qwe111
test45@example.com,123qwe111
test46@example.com,123qwe111
test47@example.com,123qwe111
test48@example.com,123qwe111
test49@example.com,123qwe111
test50@example.com,123qwe111
test51@example.com,123qwe111
test52@example.com,123qwe111
test53@example.com,123qwe111
test54@example.com,123qwe111
test55@example.com,123qwe111
test56@example.com,123qwe111
test57@example.com,123qwe111
test58@example.com,123qwe111
test59@example.com,123qwe111
test60@example.com,123qwe111
test61@example.com,123qwe111
test62@example.com,123qwe111
test63@example.com,123qwe111
test64@example.com,123qwe111
test65@example.com,123qwe111
test66@example.com,123qwe111
test67@example.com,123qwe111
test68@example.com,123qwe111
test69@example.com,123qwe111
test70@example.com,123qwe111
test71@example.com,123qwe111
test72@example.com,123qwe111
test73@example.com,123qwe111
test74@example.com,123qwe111
test75@example.com,123qwe111
test76@example.com,123qwe111
test77@example.com,123qwe111
test78@example.com,123qwe111
test79@example.com,123qwe111
test80@example.com,123qwe111
test81@example.com,123qwe111
test82@example.com,123qwe111
test83@example.com,123qwe111
test84@example.com,123qwe111
test85@example.com,123qwe111
test86@example.com,123qwe111
test87@example.com,123qwe111
test88@example.com,123qwe111
test89@example.com,123qwe111
test90@example.com,123qwe111
test91@example.com,123qwe111
test92@example.com,123qwe111
test93@example.com,123qwe111
test94@example.com,123qwe111
test95@example.com,123qwe111
test96@example.com,123qwe111
test97@example.com,123qwe111
test98@example.com,123qwe111
test99@example.com,123qwe111
test100@example.com,123qwe111
test101@example.com,123qwe111
test102@example.com,123qwe111
test103@example.com,123qwe111
test104@example.com,123qwe111
test105@example.com,123qwe111
test106@example.com,123qwe111
test107@example.com,123qwe111
test108@example.com,123qwe111
test109@example.com,123qwe111
test110@example.com,123qwe111
test111@example.com,123qwe111
test112@example.com,123qwe111
test113@example.com,123qwe111
test114@example.com,123qwe111
test115@example.com,123qwe111
test116@example.com,123qwe111
test117@example.com,123qwe111
test118@example.com,123qwe111
test119@example.com,123qwe111
test120@example.com,123qwe111
test121@example.com,123qwe111
test122@example.com,123qwe111
test123@example.com,123qwe111
test124@example.com,123qwe111
test125@example.com,123qwe111
test126@example.com,123qwe111
test127@example.com,123qwe111
test128@example.com,123qwe111
test129@example.com,123qwe111
test130@example.com,123qwe111
test131@example.com,123qwe111
test132@example.com,123qwe111
test133@example.com,123qwe111
test134@example.com,123qwe111
test135@example.com,123qwe111
test136@example.com,123qwe111
test137@example.com,123qwe111
test138@example.com,123qwe111
test139@example.com,123qwe111
test140@example.com,123qwe111
test141@example.com,123qwe111
test142@example.com,123qwe111
test143@example.com,123qwe111
test144@example.com,123qwe111
test145@example.com,123qwe111
test146@example.com,123qwe111
test147@example.com,123qwe111
test148@example.com,123qwe111
test149@example.com,123qwe111
test150@example.com,123qwe111
test151@example.com,123qwe111
test152@example.com,123qwe111
test153@example.com,123qwe111
test154@example.com,123qwe111
test155@example.com,123qwe111
test156@example.com,123qwe111
test157@example.com,123qwe111
test158@example.com,123qwe111
test159@example.com,123qwe111
test160@example.com,123qwe111
test161@example.com,123qwe111
test162@example.com,123qwe111
test163@example.com,123qwe111
test164@example.com,123qwe111
test165@example.com,123qwe111
test166@example.com,123qwe111
test167@example.com,123qwe111
test168@example.com,123qwe111
test169@example.com,123qwe111
test170@example.com,123qwe111
test171@example.com,123qwe111
test172@example.com,123qwe111
test173@example.com,123qwe111
test174@example.com,123qwe111
test175@example.com,123qwe111
test176@example.com,123qwe111
test177@example.com,123qwe111
test178@example.com,123qwe111
test179@example.com,123qwe111
test180@example.com,123qwe111
test181@example.com,123qwe111
test182@example.com,123qwe111
test183@example.com,123qwe111
test184@example.com,123qwe111
test185@example.com,123qwe111
test186@example.com,123qwe111
test187@example.com,123qwe111
test188@example.com,123qwe111
test189@example.com,123qwe111
test190@example.com,123qwe111
test191@example.com,123qwe111
test192@example.com,123qwe111
test193@example.com,123qwe111
test194@example.com,123qwe111
test195@example.com,123qwe111
test196@example.com,123qwe111
test197@example.com,123qwe111
test198@example.com,123qwe111
test199@example.com,123qwe111
test200@example.com,123qwe111
test201@example.com,123qwe111
test202@example.com,123qwe111
test203@example.com,123qwe111
test204@example.com,123qwe111
test205@example.com,123qwe111
test206@example.com,123qwe111
test207@example.com,123qwe111
test208@example.com,123qwe111
test209@example.com,123qwe111
test210@example.com,123qwe111
test211@example.com,123qwe111
test212@example.com,123qwe111
test213@example.com,123qwe111
test214@example.com,123qwe111
test215@example.com,123qwe111
test216@example.com,123qwe111
test217@example.com,123qwe111
test218@example.com,123qwe111
test219@example.com,123qwe111
test220@example.com,123qwe111
test221@example.com,123qwe111
test222@example.com,123qwe111
test223@example.com,123qwe111
test224@example.com,123qwe111
test225@example.com,123qwe111
test226@example.com,123qwe111
test227@example.com,123qwe111
test228@example.com,123qwe111
test229@example.com,123qwe111
test230@example.com,123qwe111
test231@example.com,123qwe111
test232@example.com,123qwe111
test233@example.com,123qwe111
test234@example.com,123qwe111
test235@example.com,123qwe111
test236@example.com,123qwe111
test237@example.com,123qwe111
test238@example.com,123qwe111
test239@example.com,123qwe111
test240@example.com,123qwe111
test241@example.com,123qwe111
test242@example.com,123qwe111
test243@example.com,123qwe111
test244@example.com,123qwe111
test245@example.com,123qwe111
test246@example.com,123qwe111
test247@example.com,123qwe111
test248@example.com,123qwe111
test249@example.com,123qwe111
test250@example.com,123qwe111
test251@example.com,123qwe111
test252@example.com,123qwe111
test253@example.com,123qwe111
test254@example.com,123qwe111
test255@example.com,123qwe111
test256@example.com,123qwe111
test257@example.com,123qwe111
test258@example.com,123qwe111
test259@example.com,123qwe111
test260@example.com,123qwe111
test261@example.com,123qwe111
test262@example.com,123qwe111
test263@example.com,123qwe111
test264@example.com,123qwe111
test265@example.com,123qwe111
test266@example.com,123qwe111
test267@example.com,123qwe111
test268@example.com,123qwe111
test269@example.com,123qwe111
test270@example.com,123qwe111
test271@example.com,123qwe111
test272@example.com,123qwe111
test273@example.com,123qwe111
test274@example.com,123qwe111
test275@example.com,123qwe111
test276@example.com,123qwe111
test277@example.com,123qwe111
test278@example.com,123qwe111
test279@example.com,123qwe111
test280@example.com,123qwe111
test281@example.com,123qwe111
test282@example.com,123qwe111
test283@example.com,123qwe111
test284@example.com,123qwe111
test285@example.com,123qwe111
test286@example.com,123qwe111
test287@example.com,123qwe111
test288@example.com,123qwe111
test289@example.com,123qwe111
test290@example.com,123qwe111
test291@example.com,123qwe111
test292@example.com,123qwe111
test293@example.com,123qwe111
test294@example.com,123qwe111
test295@example.com,123qwe111
test296@example.com,123qwe111
test297@example.com,123qwe111
test298@example.com,123qwe111
test299@example.com,123qwe111
test300@example.com,123qwe111
test301@example.com,123qwe111
test302@example.com,123qwe111
test303@example.com,123qwe111
test304@example.com,123qwe111
test305@example.com,123qwe111
test306@example.com,123qwe111
test307@example.com,123qwe111
test308@example.com,123qwe111
test309@example.com,123qwe111
test310@example.com,123qwe111
test311@example.com,123qwe111
test312@example.com,123qwe111
test313@example.com,123qwe111
test314@example.com,123qwe111
test315@example.com,123qwe111
test316@example.com,123qwe111
test317@example.com,123qwe111
test318@example.com,123qwe111
test319@example.com,123qwe111
test320@example.com,123qwe111
test321@example.com,123qwe111
test322@example.com,123qwe111
test323@example.com,123qwe111
test324@example.com,123qwe111
test325@example.com,123qwe111
test326@example.com,123qwe111
test327@example.com,123qwe111
test328@example.com,123qwe111
test329@example.com,123qwe111
test330@example.com,123qwe111
test331@example.com,123qwe111
test332@example.com,123qwe111
test333@example.com,123qwe111
test334@example.com,123qwe111
test335@example.com,123qwe111
test336@example.com,123qwe111
test337@example.com,123qwe111
test338@example.com,123qwe111
test339@example.com,123qwe111
test340@example.com,123qwe111
test341@example.com,123qwe111
test342@example.com,123qwe111
test343@example.com,123qwe111
test344@example.com,123qwe111
test345@example.com,123qwe111
test346@example.com,123qwe111
test347@example.com,123qwe111
test348@example.com,123qwe111
test349@example.com,123qwe111
test350@example.com,123qwe111
test351@example.com,123qwe111
test352@example.com,123qwe111
test353@example.com,123qwe111
test354@example.com,123qwe111
test355@example.com,123qwe111
test356@example.com,123qwe111
test357@example.com,123qwe111
test358@example.com,123qwe111
test359@example.com,123qwe111
test360@example.com,123qwe111
test361@example.com,123qwe111
test362@example.com,123qwe111
test363@example.com,123qwe111
test364@example.com,123qwe111
test365@example.com,123qwe111
test366@example.com,123qwe111
test367@example.com,123qwe111
test368@example.com,123qwe111
test369@example.com,123qwe111
test370@example.com,123qwe111
test371@example.com,123qwe111
test372@example.com,123qwe111
test373@example.com,123qwe111
test374@example.com,123qwe111
test375@example.com,123qwe111
test376@example.com,123qwe111
test377@example.com,123qwe111
test378@example.com,123qwe111
test379@example.com,123qwe111
test380@example.com,123qwe111
test381@example.com,123qwe111
test382@example.com,123qwe111
test383@example.com,123qwe111
test384@example.com,123qwe111
test385@example.com,123qwe111
test386@example.com,123qwe111
test387@example.com,123qwe111
test388@example.com,123qwe111
test389@example.com,123qwe111
test390@example.com,123qwe111
test391@example.com,123qwe111
test392@example.com,123qwe111
test393@example.com,123qwe111
test394@example.com,123qwe111
test395@example.com,123qwe111
test396@example.com,123qwe111
test397@example.com,123qwe111
test398@example.com,123qwe111
test399@example.com,123qwe111
test400@example.com,123qwe111
test401@example.com,123qwe111
test402@example.com,123qwe111
test403@example.com,123qwe111
test404@example.com,123qwe111
test405@example.com,123qwe111
test406@example.com,123qwe111
test407@example.com,123qwe111
test408@example.com,123qwe111
test409@example.com,123qwe111
test410@example.com,123qwe111
test411@example.com,123qwe111
test412@example.com,123qwe111
test413@example.com,123qwe111
test414@example.com,123qwe111
test415@example.com,123qwe111
test416@example.com,123qwe111
test417@example.com,123qwe111
test418@example.com,123qwe111
test419@example.com,123qwe111
test420@example.com,123qwe111
test421@example.com,123qwe111
test422@example.com,123qwe111
test423@example.com,123qwe111
test424@example.com,123qwe111
test425@example.com,123qwe111
test426@example.com,123qwe111
test427@example.com,123qwe111
test428@example.com,123qwe111
test429@example.com,123qwe111
test430@example.com,123qwe111
test431@example.com,123qwe111
test432@example.com,123qwe111
test433@example.com,123qwe111
test434@example.com,123qwe111
test435@example.com,123qwe111
test436@example.com,123qwe111
test437@example.com,123qwe111
test438@example.com,123qwe111
test439@example.com,123qwe111
test440@example.com,123qwe111
test441@example.com,123qwe111
test442@example.com,123qwe111
test443@example.com,123qwe111
test444@example.com,123qwe111
test445@example.com,123qwe111
test446@example.com,123qwe111
test447@example.com,123qwe111
test448@example.com,123qwe111
test449@example.com,123qwe111
test450@example.com,123qwe111
test451@example.com,123qwe111
test452@example.com,123qwe111
test453@example.com,123qwe111
test454@example.com,123qwe111
test455@example.com,123qwe111
test456@example.com,123qwe111
test457@example.com,123qwe111
test458@example.com,123qwe111
test459@example.com,123qwe111
test460@example.com,123qwe111
test461@example.com,123qwe111
test462@example.com,123qwe111
test463@example.com,123qwe111
test464@example.com,123qwe111
test465@example.com,123qwe111
test466@example.com,123qwe111
test467@example.com,123qwe111
test468@example.com,123qwe111
test469@example.com,123qwe111
test470@example.com,123qwe111
test471@example.com,123qwe111
test472@example.com,123qwe111
test473@example.com,123qwe111
test474@example.com,123qwe111
test475@example.com,123qwe111
test476@example.com,123qwe111
test477@example.com,123qwe111
test478@example.com,123qwe111
test479@example.com,123qwe111
test480@example.com,123qwe111
test481@example.com,123qwe111
test482@example.com,123qwe111
test483@example.com,123qwe111
test484@example.com,123qwe111
test485@example.com,123qwe111
test486@example.com,123qwe111
test487@example.com,123qwe111
test488@example.com,123qwe111
test489@example.com,123qwe111
test490@example.com,123qwe111
test491@example.com,123qwe111
test492@example.com,123qwe111
test493@example.com,123qwe111
test494@example.com,123qwe111
test495@example.com,123qwe111
test496@example.com,123qwe111
test497@example.com,123qwe111
test498@example.com,123qwe111
test499@example.com,123qwe111
test500@example.com,123qwe111